<?xml version="1.0" encoding="UTF-8" ?>

<!DOCTYPE mapper PUBLIC "-//mybatis.org//DTD Mapper 3.0//EN"
        "http://mybatis.org/dtd/mybatis-3-mapper.dtd">

<mapper namespace="org.bitcprac.boot05.mapper.ProductMapper">

    <select id="selectProduct" resultType="Product">
        Select prod_id, prod_name, prod_price
        From products
        where prod_id=#{prodId}
    </select>

    <select id="selectAllProduct" resultType="Product">
        Select prod_id, prod_name, prod_price
        From products
    </select>

    <insert id="insertProduct" parameterType="Product">
        Insert Into products(prod_name, prod_price)
        values (#{prodName}, #{prodPrice})
    </insert>

    <update id="updateProduct" parameterType="Product">
        Update products Set prod_name=#{prodName}, prod_price=#{prodPrice} where prod_id=#{prodId}
    </update>

    <delete id="deleteProduct">
        Delete from products where prod_id=#{prodId}
    </delete>

    <insert id="hehehehehe" parameterType="productColor">
        insert into productColor(colorName, productNo)
        values(#{colorName}, #{productNo})
    </insert>
</mapper>